nome,sobrenome,email,ano_admissao
Jeramey Haythornthwaite,Haythornthwaite,jhaythornthwaite0@ted.com,2006
Morly Pool,Pool,mpool1@squarespace.com,2002
Barbette Comford,Comford,bcomford2@who.int,2009
Avrit Burbank,Burbank,aburbank3@hibu.com,1995
Anita Antoniou,Antoniou,aantoniou4@oracle.com,2007
Darby Bambra,Bambra,dbambra5@dropbox.com,1999
Jamie Lawes,Lawes,jlawes6@paypal.com,2010
Fonzie Cholomin,Cholomin,fcholomin7@flavors.me,1992
Millisent Shurlock,Shurlock,mshurlock8@prlog.org,2011
Yulma Mount,Mount,ymount9@answers.com,2006
Roy Codron,Codron,rcodrona@icq.com,1992
Tabby Duiguid,Duiguid,tduiguidb@yandex.ru,1997
Teodoro Barmadier,Barmadier,tbarmadierc@fema.gov,2010
Morse Hearon,Hearon,mhearond@ocn.ne.jp,2011
Layne Woakes,Woakes,lwoakese@home.pl,2007
Ernestine Hasty,Hasty,ehastyf@mysql.com,2008
Gerrie Jecks,Jecks,gjecksg@businessinsider.com,2005
Annalee Verson,Verson,aversonh@w3.org,2000
Rebeca Lattimore,Lattimore,rlattimorei@nytimes.com,2005
Erinna Lowfill,Lowfill,elowfillj@tmall.com,2005
Aurea Dowdney,Dowdney,adowdneyk@comsenz.com,2000
Ardine Olpin,Olpin,aolpinl@webeden.co.uk,1996
Nowell Jeannon,Jeannon,njeannonm@epa.gov,1999
Clem Murrigans,Murrigans,cmurrigansn@privacy.gov.au,2003
Marje Grummitt,Grummitt,mgrummitto@yellowpages.com,2005
Adela Stiller,Stiller,astillerp@meetup.com,1998
Martynne Gatrill,Gatrill,mgatrillq@independent.co.uk,2003
Mollie Spilsburie,Spilsburie,mspilsburier@pagesperso-orange.fr,1992
Cori Erickson,Erickson,cericksons@techcrunch.com,2008
Chiarra Franca,Franca,cfrancat@state.tx.us,1994
Josepha Kinchington,Kinchington,jkinchingtonu@pcworld.com,2002
Rose Will,Will,rwillv@dropbox.com,1996
Ainsley Garbert,Garbert,agarbertw@pcworld.com,2003
Julina Pakenham,Pakenham,jpakenhamx@aol.com,2000
Randi Harrop,Harrop,rharropy@globo.com,1998
Marnie Silberschatz,Silberschatz,msilberschatzz@t.co,2000
Dorris O'Connor,O'Connor,doconnor10@imageshack.us,2008
Hansiain Hovert,Hovert,hhovert11@bigcartel.com,1996
Vite Befroy,Befroy,vbefroy12@chron.com,2007
Melinda von Hagt,von Hagt,mvon13@blogger.com,1994
Veradis Pearsall,Pearsall,vpearsall14@posterous.com,2006
Bjorn Dimitriades,Dimitriades,bdimitriades15@bbc.co.uk,2001
Beale Newlove,Newlove,bnewlove16@bloomberg.com,1993
Danica Von Welldun,Von Welldun,dvon17@omniture.com,2002
Homerus Junkinson,Junkinson,hjunkinson18@cdbaby.com,2007
Emiline Dohrmann,Dohrmann,edohrmann19@ebay.co.uk,2003
Rowney Menpes,Menpes,rmenpes1a@skype.com,1999
Raddie Allward,Allward,rallward1b@gravatar.com,2009
Anstice Chapellow,Chapellow,achapellow1c@shop-pro.jp,1992
Manuel Beathem,Beathem,mbeathem1d@multiply.com,2001
Oliviero Tombleson,Tombleson,otombleson1e@intel.com,2009
Hayward Brookes,Brookes,hbrookes1f@soundcloud.com,2001
Sydney Peasey,Peasey,speasey1g@berkeley.edu,1991
Corney Castane,Castane,ccastane1h@flavors.me,2004
Noak Yard,Yard,nyard1i@ovh.net,1999
Chrisy Hawksby,Hawksby,chawksby1j@parallels.com,1988
Vonny Mounce,Mounce,vmounce1k@census.gov,2012
Ingra Gorey,Gorey,igorey1l@multiply.com,2012
Jacenta Tame,Tame,jtame1m@technorati.com,1992
Tab Ivanyushkin,Ivanyushkin,tivanyushkin1n@ifeng.com,2002
Nicky Wellman,Wellman,nwellman1o@addtoany.com,1996
Zared Casotti,Casotti,zcasotti1p@telegraph.co.uk,1988
Adair Fussen,Fussen,afussen1q@oakley.com,1985
Reta Laroux,Laroux,rlaroux1r@cdbaby.com,1992
Johnette McLenahan,McLenahan,jmclenahan1s@irs.gov,2012
Angeline Collen,Collen,acollen1t@microsoft.com,2000
Letizia Ferries,Ferries,lferries1u@ca.gov,2011
Kaja Wyke,Wyke,kwyke1v@discuz.net,1999
Calhoun Georgot,Georgot,cgeorgot1w@pen.io,2009
Shanna Baynom,Baynom,sbaynom1x@japanpost.jp,2007
Gifford Rubenfeld,Rubenfeld,grubenfeld1y@sitemeter.com,1999
Conchita Ridings,Ridings,cridings1z@walmart.com,1998
Ogden Dulin,Dulin,odulin20@prnewswire.com,1997
Maddalena Iacovini,Iacovini,miacovini21@barnesandnoble.com,2012
Minette Verni,Verni,mverni22@princeton.edu,2004
Vernor Holtham,Holtham,vholtham23@homestead.com,1995
Tanney Reddan,Reddan,treddan24@google.ca,2013
Cristabel Tatham,Tatham,ctatham25@cyberchimps.com,1996
Tami A'Barrow,A'Barrow,tabarrow26@purevolume.com,2006
Mel Lomb,Lomb,mlomb27@nasa.gov,2010
Cesya Eleshenar,Eleshenar,celeshenar28@over-blog.com,2002
Chevalier Bell,Bell,cbell29@networkadvertising.org,1992
Cassondra Kaiser,Kaiser,ckaiser2a@yellowbook.com,2002
Nollie Opy,Opy,nopy2b@tinyurl.com,1994
Rozalie Smiths,Smiths,rsmiths2c@hibu.com,2005
Annie Mussettini,Mussettini,amussettini2d@google.it,1995
Cariotta Crichten,Crichten,ccrichten2e@com.com,1998
Hogan Lilburn,Lilburn,hlilburn2f@51.la,1987
Charles Pachta,Pachta,cpachta2g@auda.org.au,2008
Luisa MacDermid,MacDermid,lmacdermid2h@mtv.com,2004
Renie Arndt,Arndt,rarndt2i@myspace.com,1994
Graham Summerscales,Summerscales,gsummerscales2j@vimeo.com,2007
Floris Penton,Penton,fpenton2k@privacy.gov.au,2010
Elston Melmar,Melmar,emelmar2l@amazon.de,1999
Cara Spatari,Spatari,cspatari2m@ameblo.jp,1991
Margeaux Mintrim,Mintrim,mmintrim2n@google.ru,1993
Dannie De Roberto,De Roberto,dde2o@facebook.com,1985
Earvin Kinnear,Kinnear,ekinnear2p@themeforest.net,2007
Tamma Bonas,Bonas,tbonas2q@statcounter.com,2011
Catlin Roscow,Roscow,croscow2r@bloglovin.com,2006
Verile Desport,Desport,vdesport2s@slate.com,1987
Deloris Wickey,Wickey,dwickey2t@dell.com,2007
Alasdair Trussler,Trussler,atrussler2u@istockphoto.com,1998
Ellary Terzi,Terzi,eterzi2v@vimeo.com,2005
Stanfield Ferras,Ferras,sferras2w@stanford.edu,2005
Arvin Merriman,Merriman,amerriman2x@ft.com,2006
Giselbert Lewer,Lewer,glewer2y@google.ca,2006
Ariana Brugh,Brugh,abrugh2z@google.es,2009
Catherina Percifer,Percifer,cpercifer30@princeton.edu,2002
Barbee Rubee,Rubee,brubee31@samsung.com,1992
Cristal Dallaway,Dallaway,cdallaway32@biblegateway.com,2005
Stephi Adamovitz,Adamovitz,sadamovitz33@naver.com,1992
Othilie De Biasi,De Biasi,ode34@goo.gl,2010
Cooper Brend,Brend,cbrend35@accuweather.com,1994
Lambert Plaxton,Plaxton,lplaxton36@baidu.com,2007
Priscilla Klinck,Klinck,pklinck37@free.fr,1998
Janeczka Van Baaren,Van Baaren,jvan38@creativecommons.org,1992
Ingemar Eglin,Eglin,ieglin39@ucoz.ru,2009
Jasmine Sewell,Sewell,jsewell3a@squarespace.com,1997
Parry Windham,Windham,pwindham3b@elpais.com,1987
Berni Battisson,Battisson,bbattisson3c@wsj.com,2006
Danya Keyho,Keyho,dkeyho3d@example.com,2009
Julia Old,Old,jold3e@qq.com,1992
Doti Hillatt,Hillatt,dhillatt3f@homestead.com,2010
Clea Dulwitch,Dulwitch,cdulwitch3g@washingtonpost.com,2005
Hans MacRannell,MacRannell,hmacrannell3h@kickstarter.com,2008
Faustine Gerasch,Gerasch,fgerasch3i@seattletimes.com,1993
Sterling Lillford,Lillford,slillford3j@cbslocal.com,2009
Janifer Fernyhough,Fernyhough,jfernyhough3k@theglobeandmail.com,1970
Jobye Challenger,Challenger,jchallenger3l@abc.net.au,1996
Brent Pallesen,Pallesen,bpallesen3m@twitpic.com,1992
Madella Cumo,Cumo,mcumo3n@vimeo.com,2010
Bear Moehle,Moehle,bmoehle3o@mozilla.org,2001
Tulley O'Flynn,O'Flynn,toflynn3p@cnn.com,2011
Heidi Hartropp,Hartropp,hhartropp3q@disqus.com,2005
Stefa Eggleston,Eggleston,seggleston3r@hibu.com,2004
Allsun Avrahamof,Avrahamof,aavrahamof3s@livejournal.com,1989
Dre Smitham,Smitham,dsmitham3t@miitbeian.gov.cn,1994
Garvin Snoad,Snoad,gsnoad3u@vistaprint.com,1996
Arabelle Simond,Simond,asimond3v@multiply.com,2008
Raff Maypole,Maypole,rmaypole3w@rediff.com,2001
Linnell Corr,Corr,lcorr3x@toplist.cz,2005
Marci Holligan,Holligan,mholligan3y@squarespace.com,2008
George Edmondson,Edmondson,gedmondson3z@google.nl,1992
Vasili McTurlough,McTurlough,vmcturlough40@yandex.ru,2002
Locke Park,Park,lpark41@loc.gov,1997
Tess MacCafferty,MacCafferty,tmaccafferty42@dmoz.org,2006
Amelia Markey,Markey,amarkey43@whitehouse.gov,2008
Viki Huxley,Huxley,vhuxley44@wikimedia.org,2005
Homere Nare,Nare,hnare45@dropbox.com,1983
Marcy Munford,Munford,mmunford46@amazon.co.jp,1995
Kaye Salthouse,Salthouse,ksalthouse47@stanford.edu,2006
Andie Silcocks,Silcocks,asilcocks48@foxnews.com,2011
Calvin Marshman,Marshman,cmarshman49@eepurl.com,1990
Sutherlan Hof,Hof,shof4a@issuu.com,2004
Derick Crowdy,Crowdy,dcrowdy4b@time.com,2012
Gwendolyn Toner,Toner,gtoner4c@symantec.com,2006
Dyan Dwelly,Dwelly,ddwelly4d@auda.org.au,1999
Jerri Outerbridge,Outerbridge,jouterbridge4e@pagesperso-orange.fr,1987
Drew Towll,Towll,dtowll4f@t-online.de,2002
Kerry Coughtrey,Coughtrey,kcoughtrey4g@seesaa.net,1993
Sol Masi,Masi,smasi4h@ow.ly,2001
Josselyn Auchinleck,Auchinleck,jauchinleck4i@bing.com,2008
Pier MacGilmartin,MacGilmartin,pmacgilmartin4j@whitehouse.gov,2009
Remy Jakes,Jakes,rjakes4k@paypal.com,2003
Nap McNea,McNea,nmcnea4l@forbes.com,2005
Laura Colenutt,Colenutt,lcolenutt4m@51.la,2005
Jacquetta Crowson,Crowson,jcrowson4n@cocolog-nifty.com,2005
Amity Saket,Saket,asaket4o@timesonline.co.uk,1995
Sosanna Di Francesco,Di Francesco,sdi4p@dell.com,1995
Eba Wyse,Wyse,ewyse4q@123-reg.co.uk,1995
Benjie Davitt,Davitt,bdavitt4r@live.com,1989
Teirtza Densham,Densham,tdensham4s@shutterfly.com,2006
Leelah Lillecrap,Lillecrap,llillecrap4t@newsvine.com,1996
Lucho Lytle,Lytle,llytle4u@seesaa.net,1994
Zacherie Pie,Pie,zpie4v@trellian.com,2003
Berkeley Witul,Witul,bwitul4w@ftc.gov,1994
Vic Roumier,Roumier,vroumier4x@youku.com,1992
Leisha Matthewman,Matthewman,lmatthewman4y@yellowpages.com,1995
Clayborne Hamelyn,Hamelyn,chamelyn4z@digg.com,1998
Orran Whiteley,Whiteley,owhiteley50@blogs.com,1995
Kania Bish,Bish,kbish51@wsj.com,2007
Saudra Phelan,Phelan,sphelan52@mail.ru,1997
Evanne Minett,Minett,eminett53@360.cn,2008
Hortensia Maffini,Maffini,hmaffini54@qq.com,2003
Harper Tilston,Tilston,htilston55@indiatimes.com,2010
Neysa Skough,Skough,nskough56@prlog.org,2002
Land Lewtey,Lewtey,llewtey57@pen.io,2003
Meade Doles,Doles,mdoles58@sakura.ne.jp,1989
Noam Brizland,Brizland,nbrizland59@canalblog.com,1968
Lurette Johanning,Johanning,ljohanning5a@cloudflare.com,2004
Glen Eyer,Eyer,geyer5b@multiply.com,2005
Nixie Foottit,Foottit,nfoottit5c@mapy.cz,2001
Theo Iori,Iori,tiori5d@google.co.uk,2007
Claude Cescon,Cescon,ccescon5e@twitter.com,2012
Emmalyn Weeden,Weeden,eweeden5f@home.pl,1994
Becky Rouzet,Rouzet,brouzet5g@hao123.com,2002
Winonah Sleeny,Sleeny,wsleeny5h@google.com.br,1997
Clarie Ogborne,Ogborne,cogborne5i@jigsy.com,1986
Alvis Leyzell,Leyzell,aleyzell5j@bloglovin.com,1988
Livvy Minister,Minister,lminister5k@cbslocal.com,1997
Boonie McNabb,McNabb,bmcnabb5l@imgur.com,2011
Gregor Verheijden,Verheijden,gverheijden5m@jalbum.net,2002
Lanae Dwelling,Dwelling,ldwelling5n@flavors.me,2009
Vaughan Dakin,Dakin,vdakin5o@sun.com,2012
Karlik Papis,Papis,kpapis5p@google.ca,1999
Rickey Laden,Laden,rladen5q@chronoengine.com,1985
Juditha Hammelberg,Hammelberg,jhammelberg5r@imdb.com,1992
Noble Burleton,Burleton,nburleton5s@deliciousdays.com,1995
Welbie Tether,Tether,wtether5t@google.co.uk,1992
Thatch Trillo,Trillo,ttrillo5u@auda.org.au,1994
Dido Messer,Messer,dmesser5v@mac.com,2008
Arlee Meaking,Meaking,ameaking5w@amazon.com,2001
Heindrick Papa,Papa,hpapa5x@about.me,1993
Kiley Beardsdale,Beardsdale,kbeardsdale5y@independent.co.uk,2006
Margi Cornil,Cornil,mcornil5z@livejournal.com,2010
Roderich Risely,Risely,rrisely60@dropbox.com,2000
Lauritz Monni,Monni,lmonni61@yolasite.com,2007
Martyn Hessing,Hessing,mhessing62@theguardian.com,2008
Huey Flay,Flay,hflay63@angelfire.com,2000
Allina Carlet,Carlet,acarlet64@stanford.edu,1998
Faustina Nobbs,Nobbs,fnobbs65@phoca.cz,2011
Valma Gwatkins,Gwatkins,vgwatkins66@va.gov,2000
Dani Meadway,Meadway,dmeadway67@mtv.com,2011
Ignatius Ewenson,Ewenson,iewenson68@economist.com,1992
Gene Daftor,Daftor,gdaftor69@youku.com,1997
Zared Braghini,Braghini,zbraghini6a@drupal.org,1999
Elaina de Clerk,de Clerk,ede6b@fema.gov,2002
Dorette Haborn,Haborn,dhaborn6c@unc.edu,1996
Elia Ferrero,Ferrero,eferrero6d@businesswire.com,1999
Vanny Izkovitch,Izkovitch,vizkovitch6e@jugem.jp,2007
Mitchel Berk,Berk,mberk6f@nyu.edu,2011
Kendal Lapre,Lapre,klapre6g@addthis.com,2007
Clarine Dallas,Dallas,cdallas6h@unc.edu,1993
Gail Phuprate,Phuprate,gphuprate6i@wix.com,1992
Rita Eagle,Eagle,reagle6j@rediff.com,2007
Marga Ennion,Ennion,mennion6k@adobe.com,2010
Jordana Guillet,Guillet,jguillet6l@google.de,2009
Chauncey Leipelt,Leipelt,cleipelt6m@soundcloud.com,2002
Liana Maylam,Maylam,lmaylam6n@miibeian.gov.cn,1992
Sonnie Dietmar,Dietmar,sdietmar6o@myspace.com,2007
Inigo Dashper,Dashper,idashper6p@sohu.com,1995
Jon Mcall,Mcall,jmcall6q@printfriendly.com,2012
Mechelle Petrou,Petrou,mpetrou6r@craigslist.org,2007
Gert Wotherspoon,Wotherspoon,gwotherspoon6s@google.it,2005
Lauryn Hainey,Hainey,lhainey6t@tinyurl.com,2006
Humfrid Collabine,Collabine,hcollabine6u@sbwire.com,2010
Glynis Sargood,Sargood,gsargood6v@opensource.org,2010
Mirabella Woodruff,Woodruff,mwoodruff6w@reuters.com,1994
Mozelle Bonas,Bonas,mbonas6x@google.pl,2009
Teriann Vears,Vears,tvears6y@google.nl,1993
Cyrille Seamons,Seamons,cseamons6z@cmu.edu,2009
Abramo Eyckelbeck,Eyckelbeck,aeyckelbeck70@deviantart.com,1997
Gabie Solesbury,Solesbury,gsolesbury71@twitter.com,2012
Idette Lademann,Lademann,ilademann72@foxnews.com,2004
Tonye Filyaev,Filyaev,tfilyaev73@usgs.gov,2012
Manfred Vickarman,Vickarman,mvickarman74@soundcloud.com,2010
Aurilia Konzelmann,Konzelmann,akonzelmann75@example.com,2000
Pierette Petrenko,Petrenko,ppetrenko76@shinystat.com,2007
Sabra Tetley,Tetley,stetley77@comsenz.com,2008
Laughton Mathissen,Mathissen,lmathissen78@mapy.cz,2005
Stacie Philippet,Philippet,sphilippet79@guardian.co.uk,2009
Swen Pentycross,Pentycross,spentycross7a@who.int,2002
Barret Lomath,Lomath,blomath7b@goo.gl,2005
Nap Merrikin,Merrikin,nmerrikin7c@cbsnews.com,2003
Karney Eggleton,Eggleton,keggleton7d@whitehouse.gov,2002
Babb Clewarth,Clewarth,bclewarth7e@disqus.com,2004
Florence Dilleway,Dilleway,fdilleway7f@twitpic.com,1999
Reidar Burnel,Burnel,rburnel7g@merriam-webster.com,1995
Bonnie Braker,Braker,bbraker7h@about.com,1994
Keven Crosthwaite,Crosthwaite,kcrosthwaite7i@constantcontact.com,2001
Odie Ghilks,Ghilks,oghilks7j@mtv.com,2003
Halette Preddy,Preddy,hpreddy7k@gizmodo.com,2000
Deloris Rivett,Rivett,drivett7l@home.pl,2005
Alix Jerome,Jerome,ajerome7m@homestead.com,2009
Norah Dewan,Dewan,ndewan7n@unblog.fr,2006
Lanie Ebbotts,Ebbotts,lebbotts7o@odnoklassniki.ru,2009
Cyndia Lissimore,Lissimore,clissimore7p@globo.com,1965
Skelly Blues,Blues,sblues7q@furl.net,1983
Issiah Southorn,Southorn,isouthorn7r@last.fm,1996
Glyn Ellicott,Ellicott,gellicott7s@hibu.com,1993
Yasmeen Gareisr,Gareisr,ygareisr7t@a8.net,1993
Blake Knatt,Knatt,bknatt7u@nifty.com,2004
Pippo Martschik,Martschik,pmartschik7v@deviantart.com,2002
Madalyn Spilling,Spilling,mspilling7w@msu.edu,1998
Adela Ferney,Ferney,aferney7x@umich.edu,2006
Patti Niesing,Niesing,pniesing7y@sun.com,2011
Robena Van der Baaren,Van der Baaren,rvan7z@simplemachines.org,1994
Derick Messier,Messier,dmessier80@weibo.com,1996
Minna Rihosek,Rihosek,mrihosek81@t.co,1987
Scotti Hearle,Hearle,shearle82@irs.gov,1998
Moselle Oldroyde,Oldroyde,moldroyde83@bluehost.com,2000
Ragnar Runciman,Runciman,rrunciman84@acquirethisname.com,2010
Gayelord Orbine,Orbine,gorbine85@senate.gov,1997
Viki Marien,Marien,vmarien86@about.me,2008
Lucie McGarrell,McGarrell,lmcgarrell87@ftc.gov,1997
Kiel Coase,Coase,kcoase88@home.pl,1998
Johnette Van Hesteren,Van Hesteren,jvan89@typepad.com,2001
Opalina Maddie,Maddie,omaddie8a@marriott.com,2009
Rebe MacBain,MacBain,rmacbain8b@list-manage.com,2006
Daryl Pinor,Pinor,dpinor8c@skype.com,2013
Micaela Jockle,Jockle,mjockle8d@github.io,2009
Yovonnda Sparshott,Sparshott,ysparshott8e@mayoclinic.com,2008
Timofei Zylberdik,Zylberdik,tzylberdik8f@clickbank.net,1993
Miller Kerwen,Kerwen,mkerwen8g@w3.org,2010
Nonna Greg,Greg,ngreg8h@soup.io,1985
Rhea Norris,Norris,rnorris8i@statcounter.com,2005
Lucina Espie,Espie,lespie8j@usgs.gov,2005
Madella Willgoose,Willgoose,mwillgoose8k@ning.com,2011
Reid Bock,Bock,rbock8l@mayoclinic.com,2010
Delcina Howbrook,Howbrook,dhowbrook8m@odnoklassniki.ru,2003
Zoe Wellwood,Wellwood,zwellwood8n@google.cn,1986
Sol Keller,Keller,skeller8o@phoca.cz,2011
Far Pagen,Pagen,fpagen8p@nydailynews.com,1986
Tamera Ginglell,Ginglell,tginglell8q@amazon.co.uk,2011
Welby Woolager,Woolager,wwoolager8r@tinypic.com,1995
Pen Mebs,Mebs,pmebs8s@bloglovin.com,2005
Eve Brewster,Brewster,ebrewster8t@qq.com,1973
Tansy Sambrok,Sambrok,tsambrok8u@google.co.jp,1990
Charleen Buckleigh,Buckleigh,cbuckleigh8v@ning.com,2001
Margret Cossey,Cossey,mcossey8w@bbb.org,1993
Obidiah Dorro,Dorro,odorro8x@privacy.gov.au,1997
Rubetta Joslow,Joslow,rjoslow8y@wikimedia.org,2003
Jan Chatburn,Chatburn,jchatburn8z@unicef.org,1967
Inglebert Bynert,Bynert,ibynert90@icio.us,1986
Audry Mellows,Mellows,amellows91@imageshack.us,1994
Normand Rookesby,Rookesby,nrookesby92@elpais.com,1992
Allin Sarfas,Sarfas,asarfas93@squidoo.com,2013
Sigfrid Binding,Binding,sbinding94@de.vu,1989
Ezekiel Carine,Carine,ecarine95@wikimedia.org,1997
Emera Gannan,Gannan,egannan96@spiegel.de,2005
Clarabelle O'Kenny,O'Kenny,cokenny97@gmpg.org,1985
Rod Cellier,Cellier,rcellier98@wikia.com,2012
Maris Rebillard,Rebillard,mrebillard99@hostgator.com,1994
Sherlock Beynkn,Beynkn,sbeynkn9a@parallels.com,2010
Hartwell Rickasse,Rickasse,hrickasse9b@privacy.gov.au,2010
Phylis Pennick,Pennick,ppennick9c@aboutads.info,2007
Roland Sherringham,Sherringham,rsherringham9d@storify.com,1999
Marlane Tythacott,Tythacott,mtythacott9e@prlog.org,2001
Renard Dagwell,Dagwell,rdagwell9f@merriam-webster.com,2005
Liesa Elegood,Elegood,lelegood9g@wix.com,2004
Brande Spelsbury,Spelsbury,bspelsbury9h@wiley.com,2005
Sigismondo O'Longain,O'Longain,solongain9i@so-net.ne.jp,1995
Chiquia Bellas,Bellas,cbellas9j@dion.ne.jp,1996
Adelaida Courtes,Courtes,acourtes9k@state.gov,2001
Uri Menaul,Menaul,umenaul9l@photobucket.com,1993
Hughie Glendza,Glendza,hglendza9m@canalblog.com,1997
Ellis Colbridge,Colbridge,ecolbridge9n@nih.gov,2007
Anselma Davana,Davana,adavana9o@marriott.com,1989
Idalina Averill,Averill,iaverill9p@purevolume.com,1993
Dean Triggle,Triggle,dtriggle9q@w3.org,2003
Ricca Gullane,Gullane,rgullane9r@nsw.gov.au,1990
Garrot Meran,Meran,gmeran9s@facebook.com,1997
Cly Barde,Barde,cbarde9t@cbc.ca,2001
Bill Theaker,Theaker,btheaker9u@ebay.com,2013
Russ Tenant,Tenant,rtenant9v@marketwatch.com,1999
Tiffie Bilbie,Bilbie,tbilbie9w@netscape.com,2006
Emeline Viall,Viall,eviall9x@over-blog.com,1993
Bryanty Tallman,Tallman,btallman9y@comsenz.com,1986
Tatum Bene,Bene,tbene9z@ning.com,2002
Guthrey Hanselmann,Hanselmann,ghanselmanna0@paypal.com,1993
Aldo New,New,anewa1@google.pl,2001
Bel Sworder,Sworder,bswordera2@de.vu,1995
Vladamir Winstone,Winstone,vwinstonea3@cdc.gov,2005
Shayne Rowlin,Rowlin,srowlina4@blogs.com,1986
Cris Mattosoff,Mattosoff,cmattosoffa5@un.org,2000
Phyllida Baxstare,Baxstare,pbaxstarea6@loc.gov,1993
Hermie Bernolet,Bernolet,hbernoleta7@washingtonpost.com,2006
Shelby Senten,Senten,ssentena8@springer.com,2007
Elissa Stallworthy,Stallworthy,estallworthya9@mapy.cz,1994
Cletis Minall,Minall,cminallaa@miitbeian.gov.cn,2004
Trixie Bernardi,Bernardi,tbernardiab@redcross.org,1985
Vassily Redholls,Redholls,vredhollsac@discuz.net,2008
Torrin Ferres,Ferres,tferresad@pinterest.com,2003
Rebbecca Peartree,Peartree,rpeartreeae@cnbc.com,2011
Marmaduke Van der Veldt,Van der Veldt,mvanaf@google.it,2004
Paten Wackley,Wackley,pwackleyag@tripod.com,2007
Noach Mellanby,Mellanby,nmellanbyah@opera.com,1994
Jobina Zanre,Zanre,jzanreai@google.ca,1984
Penelope Hughland,Hughland,phughlandaj@360.cn,2011
Tiffany Wilmut,Wilmut,twilmutak@de.vu,1996
Kelsey Borghese,Borghese,kborgheseal@cisco.com,1995
Packston Berrycloth,Berrycloth,pberryclotham@businessinsider.com,2012
Rebeca Goodge,Goodge,rgoodgean@psu.edu,1985
Jaquenette Vest,Vest,jvestao@zdnet.com,2003
Willette Moine,Moine,wmoineap@livejournal.com,2009
Dickie Wasbrough,Wasbrough,dwasbroughaq@joomla.org,2005
Cynthie Helsby,Helsby,chelsbyar@surveymonkey.com,1998
Bev Gutridge,Gutridge,bgutridgeas@opensource.org,1987
Marietta O'Brallaghan,O'Brallaghan,mobrallaghanat@ted.com,1989
Forrester Woolatt,Woolatt,fwoolattau@moonfruit.com,2008
Gretchen Sawdy,Sawdy,gsawdyav@ca.gov,1995
Gino Lorenzetto,Lorenzetto,glorenzettoaw@smh.com.au,1997
Florenza Mayward,Mayward,fmaywardax@nytimes.com,1974
Krista Seagrove,Seagrove,kseagroveay@google.com.hk,2008
Gilligan Cotter,Cotter,gcotteraz@ox.ac.uk,1971
Glenna Parades,Parades,gparadesb0@issuu.com,2000
Carolyn Doyley,Doyley,cdoyleyb1@ning.com,2008
Paul Glaves,Glaves,pglavesb2@dagondesign.com,1992
Fredericka McCuish,McCuish,fmccuishb3@sfgate.com,2007
Dorothea Carss,Carss,dcarssb4@posterous.com,2008
Elmer Blaney,Blaney,eblaneyb5@friendfeed.com,1993
Eduino Inchboard,Inchboard,einchboardb6@last.fm,2006
Reinald Jellis,Jellis,rjellisb7@jalbum.net,2012
Teriann Ruben,Ruben,trubenb8@hugedomains.com,1996
Normand Paulou,Paulou,npauloub9@wisc.edu,1986
Ganny Scargill,Scargill,gscargillba@trellian.com,1995
Gates Coney,Coney,gconeybb@163.com,2003
Heidie Kitlee,Kitlee,hkitleebc@prweb.com,1987
Sallyanne Brymham,Brymham,sbrymhambd@diigo.com,2002
Diane Mattiazzo,Mattiazzo,dmattiazzobe@delicious.com,1992
Carlene Lally,Lally,clallybf@archive.org,1987
Casandra Imloch,Imloch,cimlochbg@amazon.co.uk,2010
Clemence Salle,Salle,csallebh@about.me,2001
Johnette Cauldfield,Cauldfield,jcauldfieldbi@zimbio.com,1999
Myrwyn Huck,Huck,mhuckbj@goo.ne.jp,2005
Blane MacAllen,MacAllen,bmacallenbk@de.vu,1996
Rebbecca Streak,Streak,rstreakbl@epa.gov,2004
Woodie Sessions,Sessions,wsessionsbm@springer.com,1995
Roselin Ogus,Ogus,rogusbn@bigcartel.com,1997
Saba Salerg,Salerg,ssalergbo@github.io,2008
Cletis Basterfield,Basterfield,cbasterfieldbp@comsenz.com,2009
Latrena Dawe,Dawe,ldawebq@weather.com,1995
Mela Wileman,Wileman,mwilemanbr@de.vu,1996
Ferne Sanders,Sanders,fsandersbs@shinystat.com,2007
Joshia Scoble,Scoble,jscoblebt@oracle.com,1985
Yasmin McNair,McNair,ymcnairbu@google.cn,2003
Clarke Nadin,Nadin,cnadinbv@dedecms.com,2011
Dorothy Bottlestone,Bottlestone,dbottlestonebw@google.nl,1988
Sabina Pellman,Pellman,spellmanbx@washington.edu,2010
Winnie Volkers,Volkers,wvolkersby@prnewswire.com,1985
Kirstin Bizley,Bizley,kbizleybz@biglobe.ne.jp,2006
Adel Darque,Darque,adarquec0@gmpg.org,2002
Aurelea Roubeix,Roubeix,aroubeixc1@bravesites.com,1999
Nicole Hartland,Hartland,nhartlandc2@smugmug.com,2013
Lothario Ioselev,Ioselev,lioselevc3@samsung.com,1995
Stephi Biggins,Biggins,sbigginsc4@mac.com,2012
Koralle Kenworthy,Kenworthy,kkenworthyc5@bloglines.com,2009
Myrtle Offen,Offen,moffenc6@rambler.ru,1959
Fredrick Chastanet,Chastanet,fchastanetc7@moonfruit.com,2002
Miranda Philippart,Philippart,mphilippartc8@bbc.co.uk,2006
Francine Eagers,Eagers,feagersc9@cnn.com,1996
Jarret Craigheid,Craigheid,jcraigheidca@bravesites.com,2010
Tallou Trevance,Trevance,ttrevancecb@va.gov,2003
Bambie Edie,Edie,bediecc@twitter.com,2009
Elinore Fairey,Fairey,efaireycd@jimdo.com,2012
Cornela Everit,Everit,ceveritce@webeden.co.uk,1995
Elysha Sisland,Sisland,esislandcf@vk.com,2006
Vitia Paramore,Paramore,vparamorecg@huffingtonpost.com,2002
Jacquetta Kempstone,Kempstone,jkempstonech@foxnews.com,2006
Hobart Beadles,Beadles,hbeadlesci@smugmug.com,2004
Raoul Dorow,Dorow,rdorowcj@acquirethisname.com,2008
Merlina Lewknor,Lewknor,mlewknorck@zimbio.com,2004
Lenard Lintott,Lintott,llintottcl@ovh.net,1998
Ines Smartman,Smartman,ismartmancm@baidu.com,1996
Ingamar Hallan,Hallan,ihallancn@dropbox.com,2010
Debby Whate,Whate,dwhateco@mayoclinic.com,2001
Matelda Trew,Trew,mtrewcp@google.nl,2012
Malena Naisey,Naisey,mnaiseycq@deliciousdays.com,1988
Louella Illwell,Illwell,lillwellcr@sitemeter.com,1997
Travis Peron,Peron,tperoncs@ifeng.com,1997
Neel McLaggan,McLaggan,nmclagganct@sciencedaily.com,1993
Teri Stirling,Stirling,tstirlingcu@xinhuanet.com,1965
Georgie Casale,Casale,gcasalecv@issuu.com,2010
Jacob Stallan,Stallan,jstallancw@shinystat.com,2005
Kendrick Headrick,Headrick,kheadrickcx@cocolog-nifty.com,1998
Ettore Eliassen,Eliassen,eeliassency@meetup.com,1984
Welbie MacCole,MacCole,wmaccolecz@w3.org,2011
Junia Morfett,Morfett,jmorfettd0@arizona.edu,1988
Hollis Van der Beken,Van der Beken,hvand1@de.vu,1984
Lyndsay Dorkin,Dorkin,ldorkind2@reddit.com,1988
Cleo Okell,Okell,cokelld3@fema.gov,1995
Caritta Jeppensen,Jeppensen,cjeppensend4@smh.com.au,1993
Lucila Clackson,Clackson,lclacksond5@ihg.com,2010
Coletta Mation,Mation,cmationd6@sitemeter.com,1995
Dalia McQuorkel,McQuorkel,dmcquorkeld7@blogs.com,2005
Nada Caldaro,Caldaro,ncaldarod8@sphinn.com,1989
Benny Courage,Courage,bcouraged9@ezinearticles.com,2009
Heddi Clapp,Clapp,hclappda@weather.com,2009
Esther Janousek,Janousek,ejanousekdb@mlb.com,1996
Zenia Petrillo,Petrillo,zpetrillodc@usatoday.com,2008
Cloris Muehler,Muehler,cmuehlerdd@wired.com,1998
Lindy Picker,Picker,lpickerde@weather.com,1994
Kailey Hinksen,Hinksen,khinksendf@youtu.be,2012
Boniface Coade,Coade,bcoadedg@shinystat.com,2000
Aeriell Gunton,Gunton,aguntondh@cornell.edu,2008
Kaela Mugleston,Mugleston,kmuglestondi@dell.com,2012
Angelique Bodham,Bodham,abodhamdj@soundcloud.com,2002
Riordan Realph,Realph,rrealphdk@wikia.com,1997
Benton Caris,Caris,bcarisdl@homestead.com,1995
Millisent Cassius,Cassius,mcassiusdm@shop-pro.jp,2000
Christophorus Miranda,Miranda,cmirandadn@last.fm,2011
Guy Majury,Majury,gmajurydo@amazon.co.jp,1990
Clarinda Beaumont,Beaumont,cbeaumontdp@bravesites.com,2007
Crissie Carlos,Carlos,ccarlosdq@nba.com,2011
Alyssa Devote,Devote,adevotedr@imageshack.us,2005
Hale Hinckesman,Hinckesman,hhinckesmands@purevolume.com,1995
Aggy Greguoli,Greguoli,agreguolidt@go.com,2009
Ajay Ottery,Ottery,aotterydu@npr.org,2008
Glori Binion,Binion,gbiniondv@gmpg.org,2011
Ahmed Feathers,Feathers,afeathersdw@seattletimes.com,2011
Carmine Albrighton,Albrighton,calbrightondx@earthlink.net,1978
Marylin Dimeloe,Dimeloe,mdimeloedy@dropbox.com,1991
Fergus Lempke,Lempke,flempkedz@mapy.cz,1997
Bellanca Sabater,Sabater,bsabatere0@illinois.edu,2012
Way Landy,Landy,wlandye1@storify.com,1983
Job Gorbell,Gorbell,jgorbelle2@independent.co.uk,2011
Grantley Fishburn,Fishburn,gfishburne3@ezinearticles.com,2010
Lindsay Rosengart,Rosengart,lrosengarte4@amazon.de,1999
Abe Patterson,Patterson,apattersone5@pinterest.com,2004
Brita Daunter,Daunter,bdauntere6@mit.edu,2004
Henka Laminman,Laminman,hlaminmane7@dailymotion.com,2007
Lyndell Persence,Persence,lpersencee8@spotify.com,1996
Morgana Burberye,Burberye,mburberyee9@who.int,1990
Fernanda McAnellye,McAnellye,fmcanellyeea@tinyurl.com,1998
Ange Derdes,Derdes,aderdeseb@sourceforge.net,1996
Daile Dybbe,Dybbe,ddybbeec@pen.io,2000
Patrica Infantino,Infantino,pinfantinoed@mozilla.org,2000
Rebecca Hackworthy,Hackworthy,rhackworthyee@lycos.com,2006
Courtnay Youtead,Youtead,cyouteadef@nytimes.com,1999
Pieter Banaszewski,Banaszewski,pbanaszewskieg@slate.com,2004
Lucia McBlain,McBlain,lmcblaineh@pcworld.com,1998
Danyette Cossom,Cossom,dcossomei@foxnews.com,1988
Lenee Augie,Augie,laugieej@spotify.com,1997
Hamlin Batman,Batman,hbatmanek@live.com,2008
Lilah Buddleigh,Buddleigh,lbuddleighel@sourceforge.net,2005
Callida Berkeley,Berkeley,cberkeleyem@howstuffworks.com,1987
Luci Twallin,Twallin,ltwallinen@stanford.edu,2013
Arri Tumelty,Tumelty,atumeltyeo@intel.com,2006
Sondra Giacobbo,Giacobbo,sgiacobboep@google.fr,1986
Audrie Normanell,Normanell,anormanelleq@state.tx.us,1999
Lottie Tweedy,Tweedy,ltweedyer@studiopress.com,1998
Korella Sheal,Sheal,ksheales@blogger.com,1987
Rhonda Hurburt,Hurburt,rhurburtet@sakura.ne.jp,1995
Chaddie Soloway,Soloway,csolowayeu@google.cn,2012
Rodrigo Maitland,Maitland,rmaitlandev@theglobeandmail.com,2004
Gaylene Gianettini,Gianettini,ggianettiniew@baidu.com,1986
Gabi Firebrace,Firebrace,gfirebraceex@altervista.org,2005
Lana Baily,Baily,lbailyey@csmonitor.com,1985
Christoffer Hazelgreave,Hazelgreave,chazelgreaveez@google.co.jp,1994
Darbee Polleye,Polleye,dpolleyef0@google.cn,1985
Marquita Baughn,Baughn,mbaughnf1@oracle.com,1996
Malissia Deniseau,Deniseau,mdeniseauf2@slashdot.org,2008
Sammy Sivill,Sivill,ssivillf3@ocn.ne.jp,1989
Debra Billson,Billson,dbillsonf4@jalbum.net,1995
Forbes Lunnon,Lunnon,flunnonf5@artisteer.com,1996
Dedie Kimmings,Kimmings,dkimmingsf6@addtoany.com,1987
Heath Benois,Benois,hbenoisf7@wix.com,1997
Christophe Girod,Girod,cgirodf8@4shared.com,2000
Barron Kohlerman,Kohlerman,bkohlermanf9@mail.ru,1999
Albertine Cafferky,Cafferky,acafferkyfa@liveinternet.ru,1998
Paulo Nussen,Nussen,pnussenfb@goodreads.com,2007
Elsinore Dawson,Dawson,edawsonfc@usgs.gov,1988
Ema Megarry,Megarry,emegarryfd@newsvine.com,2003
Nobie Frentz,Frentz,nfrentzfe@engadget.com,2002
Rosabella Byforth,Byforth,rbyforthff@creativecommons.org,1993
York MacCaull,MacCaull,ymaccaullfg@smugmug.com,2008
Iorgo Althorp,Althorp,ialthorpfh@hc360.com,2010
Nappie Halwill,Halwill,nhalwillfi@163.com,2012
Mara Bucklee,Bucklee,mbuckleefj@oaic.gov.au,1997
Vincent Schuchmacher,Schuchmacher,vschuchmacherfk@posterous.com,1996
Blithe Haile,Haile,bhailefl@xinhuanet.com,1993
Doralin Bucktharp,Bucktharp,dbucktharpfm@dagondesign.com,2001
Avril Mcwhinnie,Mcwhinnie,amcwhinniefn@de.vu,2009
Michaeline Cumberland,Cumberland,mcumberlandfo@tinyurl.com,2002
Clarissa Kilgrew,Kilgrew,ckilgrewfp@mac.com,1998
Jefferey Snoday,Snoday,jsnodayfq@live.com,1995
Free Yitzhakov,Yitzhakov,fyitzhakovfr@simplemachines.org,1983
Conchita Aim,Aim,caimfs@ehow.com,2002
Eran Hinstridge,Hinstridge,ehinstridgeft@flickr.com,1997
Riane Flint,Flint,rflintfu@tripadvisor.com,1997
Steve Olyfant,Olyfant,solyfantfv@opensource.org,2010
Amberly Cardoo,Cardoo,acardoofw@sun.com,2012
Maddi Francescozzi,Francescozzi,mfrancescozzifx@msu.edu,1996
Morry Deesly,Deesly,mdeeslyfy@jugem.jp,2012
Dimitry Orrow,Orrow,dorrowfz@delicious.com,1992
Jeanelle Dandy,Dandy,jdandyg0@paginegialle.it,2005
Waylan Mell,Mell,wmellg1@boston.com,1997
Mathe Salasar,Salasar,msalasarg2@msn.com,2011
Hale Devons,Devons,hdevonsg3@elegantthemes.com,1994
Kittie Pedlingham,Pedlingham,kpedlinghamg4@addthis.com,2011
Cori Trebilcock,Trebilcock,ctrebilcockg5@engadget.com,2006
Stirling Glabach,Glabach,sglabachg6@360.cn,2008
Cristy Ick,Ick,cickg7@wordpress.com,2010
Reynold Scholler,Scholler,rschollerg8@cbslocal.com,1994
Tobie Issakov,Issakov,tissakovg9@upenn.edu,1989
Beck Sanham,Sanham,bsanhamga@dropbox.com,2012
Anabella Fenkel,Fenkel,afenkelgb@redcross.org,2002
Shelbi Cramphorn,Cramphorn,scramphorngc@cdc.gov,2011
Marv Guiett,Guiett,mguiettgd@economist.com,1974
Vidovik Lightbourne,Lightbourne,vlightbournege@g.co,1998
Anne-corinne Helix,Helix,ahelixgf@zimbio.com,2011
Manya Bysshe,Bysshe,mbysshegg@networkadvertising.org,2007
Latrina Escritt,Escritt,lescrittgh@soundcloud.com,1996
Toma Chesshire,Chesshire,tchesshiregi@whitehouse.gov,2004
Jenifer Cortin,Cortin,jcortingj@newyorker.com,2008
Elana Fassbender,Fassbender,efassbendergk@prnewswire.com,1999
Agneta McKeown,McKeown,amckeowngl@statcounter.com,2002
Richy Bayfield,Bayfield,rbayfieldgm@weibo.com,1993
Thadeus Pabelik,Pabelik,tpabelikgn@mac.com,1999
Laetitia MacLice,MacLice,lmaclicego@themeforest.net,2008
Vivi Hazeman,Hazeman,vhazemangp@dagondesign.com,2005
Nedi MacGorman,MacGorman,nmacgormangq@cbc.ca,2007
Gisella Gregoli,Gregoli,ggregoligr@disqus.com,1997
Marietta Guinery,Guinery,mguinerygs@github.io,2000
Shandee Hazeman,Hazeman,shazemangt@digg.com,2008
Michal LLelweln,LLelweln,mllelwelngu@geocities.jp,1993
Jerri O'Duilleain,O'Duilleain,joduilleaingv@businessweek.com,2011
Gardner Wolvey,Wolvey,gwolveygw@google.com.hk,1961
Tadio Loffel,Loffel,tloffelgx@xinhuanet.com,1987
Wayne Eilles,Eilles,weillesgy@biglobe.ne.jp,2013
Caz Ikins,Ikins,cikinsgz@rambler.ru,1995
Amabel Bateson,Bateson,abatesonh0@cloudflare.com,2006
Timmie Dickons,Dickons,tdickonsh1@aboutads.info,2012
Doug Lumbly,Lumbly,dlumblyh2@pbs.org,2001
Otis Havis,Havis,ohavish3@miibeian.gov.cn,2007
Shaun Gooday,Gooday,sgoodayh4@statcounter.com,2007
Trueman Smallacombe,Smallacombe,tsmallacombeh5@ebay.com,2009
Mylo Siebert,Siebert,msieberth6@deliciousdays.com,2000
Fanny Zanassi,Zanassi,fzanassih7@blogspot.com,1992
Mattias Philpots,Philpots,mphilpotsh8@sciencedirect.com,1999
Gaultiero Onslow,Onslow,gonslowh9@alexa.com,2005
Roseanna Ortell,Ortell,rortellha@wikimedia.org,1993
Jewel Bascomb,Bascomb,jbascombhb@feedburner.com,2012
Lucias Dering,Dering,lderinghc@squarespace.com,2012
Viviene Giovannetti,Giovannetti,vgiovannettihd@engadget.com,2011
Ugo Carlone,Carlone,ucarlonehe@mit.edu,2009
Crichton Badsworth,Badsworth,cbadsworthhf@wix.com,2011
Louella Scotford,Scotford,lscotfordhg@independent.co.uk,1996
Donna Benfell,Benfell,dbenfellhh@acquirethisname.com,1993
Agna Lampke,Lampke,alampkehi@sourceforge.net,1995
Chadd Devericks,Devericks,cdeverickshj@xinhuanet.com,1997
Courtney Hallows,Hallows,challowshk@xrea.com,2010
Hugo Fawlks,Fawlks,hfawlkshl@go.com,2012
Duane Corzon,Corzon,dcorzonhm@mac.com,1997
Chev Roder,Roder,croderhn@storify.com,2006
Wittie Cato,Cato,wcatoho@vinaora.com,2006
Grazia Considine,Considine,gconsidinehp@bloomberg.com,2007
Otha Dennerly,Dennerly,odennerlyhq@psu.edu,2009
Dasi Frankum,Frankum,dfrankumhr@home.pl,2007
Antonetta Valadez,Valadez,avaladezhs@stanford.edu,1998
Harper MacGibbon,MacGibbon,hmacgibbonht@webeden.co.uk,2009
Roze Forder,Forder,rforderhu@discuz.net,2003
Hanna Sidon,Sidon,hsidonhv@vimeo.com,1994
Danila Allison,Allison,dallisonhw@mysql.com,2008
Rodi Axcell,Axcell,raxcellhx@newyorker.com,1994
Chevalier Mariotte,Mariotte,cmariottehy@amazonaws.com,1997
Cameron Semrad,Semrad,csemradhz@mashable.com,1999
Eduard Boschmann,Boschmann,eboschmanni0@forbes.com,2005
George Freke,Freke,gfrekei1@domainmarket.com,2010
Jaclyn Willcot,Willcot,jwillcoti2@dailymail.co.uk,2006
Kassia Baugh,Baugh,kbaughi3@imageshack.us,2001
Earl Pietruszka,Pietruszka,epietruszkai4@nyu.edu,1998
Milka O'Kynsillaghe,O'Kynsillaghe,mokynsillaghei5@si.edu,1985
Jerrine Gurge,Gurge,jgurgei6@pcworld.com,1998
Valentin Gorner,Gorner,vgorneri7@mozilla.com,1996
Deck Trayton,Trayton,dtraytoni8@hp.com,2001
Carney Eardley,Eardley,ceardleyi9@archive.org,2002
Mikaela De La Hay,De La Hay,mdeia@xing.com,2004
Rorke Pezey,Pezey,rpezeyib@furl.net,1995
Clayson Olivas,Olivas,colivasic@angelfire.com,1984
Hugibert Schapero,Schapero,hschaperoid@phpbb.com,2012
Lilian Bickerdicke,Bickerdicke,lbickerdickeie@lycos.com,1997
Borg Vargas,Vargas,bvargasif@deliciousdays.com,2006
Killie Moffatt,Moffatt,kmoffattig@sakura.ne.jp,2011
Ives Marklew,Marklew,imarklewih@1und1.de,1998
Maureene Jozef,Jozef,mjozefii@prweb.com,1990
Portie Feeham,Feeham,pfeehamij@ask.com,2006
Alanna Mussett,Mussett,amussettik@facebook.com,1995
Emelia Steagall,Steagall,esteagallil@unicef.org,2012
Della Barneville,Barneville,dbarnevilleim@google.co.uk,2007
Lynna Okker,Okker,lokkerin@tinyurl.com,2010
Sven Goadbie,Goadbie,sgoadbieio@walmart.com,2002
Dulsea Statersfield,Statersfield,dstatersfieldip@canalblog.com,2011
Ilario Masey,Masey,imaseyiq@wikia.com,2007
Jojo Imesen,Imesen,jimesenir@europa.eu,2000
Kevon Piatto,Piatto,kpiattois@japanpost.jp,1998
Babbette McCallam,McCallam,bmccallamit@dot.gov,1995
Corrie Hardage,Hardage,chardageiu@irs.gov,2008
Daphna Greenwood,Greenwood,dgreenwoodiv@blog.com,2010
Lindsy Drayton,Drayton,ldraytoniw@barnesandnoble.com,1993
Mercie Catlette,Catlette,mcatletteix@pinterest.com,2001
Bevvy Kordovani,Kordovani,bkordovaniiy@techcrunch.com,2007
Sanford Cocke,Cocke,scockeiz@wikimedia.org,1994
Cherrita Patroni,Patroni,cpatronij0@bloglines.com,2002
Traci Canas,Canas,tcanasj1@macromedia.com,1995
Gwenore Lampkin,Lampkin,glampkinj2@mysql.com,2004
Torrie Schoenfisch,Schoenfisch,tschoenfischj3@hexun.com,2010
Cristiano Bilsford,Bilsford,cbilsfordj4@bluehost.com,2011
Nomi Shakspeare,Shakspeare,nshakspearej5@google.com.au,1996
Lucius Dyott,Dyott,ldyottj6@naver.com,2005
Rufe Hyde-Chambers,Hyde-Chambers,rhydechambersj7@geocities.jp,2011
Port Chatt,Chatt,pchattj8@salon.com,2000
Even Kynoch,Kynoch,ekynochj9@google.co.uk,1995
Kathi Tigwell,Tigwell,ktigwellja@netvibes.com,2000
Simeon Reignould,Reignould,sreignouldjb@i2i.jp,2002
Cesare O'Dyvoy,O'Dyvoy,codyvoyjc@globo.com,2009
Dan Dearing,Dearing,ddearingjd@indiatimes.com,1992
Bernette Yurin,Yurin,byurinje@sciencedaily.com,2003
Haskell Basilio,Basilio,hbasiliojf@wikia.com,2000
Vergil Ipwell,Ipwell,vipwelljg@flickr.com,2011
Kora Bescoby,Bescoby,kbescobyjh@sakura.ne.jp,1997
Annelise Harrison,Harrison,aharrisonji@wired.com,1987
Hannie Damsell,Damsell,hdamselljj@blogtalkradio.com,2001
Jeremias Peacock,Peacock,jpeacockjk@smugmug.com,1994
Chadd Edgerton,Edgerton,cedgertonjl@imageshack.us,2002
My Sterricks,Sterricks,msterricksjm@studiopress.com,2003
Jaquenette Charlet,Charlet,jcharletjn@latimes.com,2012
Demetra Winscomb,Winscomb,dwinscombjo@twitter.com,2011
Bary Quennell,Quennell,bquennelljp@feedburner.com,2000
Zackariah Dyke,Dyke,zdykejq@reddit.com,2004
Kary Shulem,Shulem,kshulemjr@oaic.gov.au,2006
Cass Smees,Smees,csmeesjs@plala.or.jp,1999
Claiborne Bacchus,Bacchus,cbacchusjt@quantcast.com,1995
Bondie Oty,Oty,botyju@indiatimes.com,1988
Wylma Butland,Butland,wbutlandjv@alibaba.com,2000
Leigh De Banke,De Banke,ldejw@sfgate.com,2003
Brion Mishow,Mishow,bmishowjx@hexun.com,1990
Raffaello Siret,Siret,rsiretjy@jalbum.net,1996
Betty Ranken,Ranken,brankenjz@fc2.com,1995
Ardelis Commander,Commander,acommanderk0@cafepress.com,2008
Ansell Blencoe,Blencoe,ablencoek1@live.com,1996
Lincoln Cleaveland,Cleaveland,lcleavelandk2@shutterfly.com,2011
Elinore Dockree,Dockree,edockreek3@amazon.de,1992
Allie Frisdick,Frisdick,afrisdickk4@nasa.gov,2011
Benjamen Fould,Fould,bfouldk5@sourceforge.net,2011
Cory Kersting,Kersting,ckerstingk6@jugem.jp,2001
Fleurette Coltart,Coltart,fcoltartk7@furl.net,2008
Thomasine Arnaudon,Arnaudon,tarnaudonk8@go.com,2006
Georas Bellas,Bellas,gbellask9@uiuc.edu,2003
Daloris Spyer,Spyer,dspyerka@independent.co.uk,2007
Romona Dunhill,Dunhill,rdunhillkb@mediafire.com,2001
Aida Trassler,Trassler,atrasslerkc@cdbaby.com,2010
Audrye Provost,Provost,aprovostkd@blogspot.com,2003
Verla Ruggs,Ruggs,vruggske@last.fm,2012
Dickie Peile,Peile,dpeilekf@blog.com,1997
Wang Haydn,Haydn,whaydnkg@wikipedia.org,2006
Gwennie Bestall,Bestall,gbestallkh@independent.co.uk,2005
Maritsa Audiss,Audiss,maudisski@webmd.com,2009
Adelheid Medgwick,Medgwick,amedgwickkj@omniture.com,2005
Brody Tryme,Tryme,btrymekk@blogs.com,2007
Leoline Meyrick,Meyrick,lmeyrickkl@sourceforge.net,2012
Jaime Kulvear,Kulvear,jkulvearkm@washingtonpost.com,1995
Hatti Bowmaker,Bowmaker,hbowmakerkn@google.pl,2000
Cassie Tomaskunas,Tomaskunas,ctomaskunasko@theatlantic.com,2010
Reider Wallen,Wallen,rwallenkp@mtv.com,2010
Laryssa Northgraves,Northgraves,lnorthgraveskq@delicious.com,1999
Sigfrid Slinger,Slinger,sslingerkr@last.fm,1990
Olva Petrecz,Petrecz,opetreczks@cbc.ca,2006
Tommie Kilshall,Kilshall,tkilshallkt@auda.org.au,2013
Fredrick Arber,Arber,farberku@tripod.com,1996
Kelila Simoneschi,Simoneschi,ksimoneschikv@chronoengine.com,1996
Huntlee Bolan,Bolan,hbolankw@hexun.com,1971
Bobby Plak,Plak,bplakkx@constantcontact.com,2008
Kristan O'Hannen,O'Hannen,kohannenky@amazon.co.jp,2004
Leo Stoaks,Stoaks,lstoakskz@nationalgeographic.com,1993
Josy Dumbelton,Dumbelton,jdumbeltonl0@wix.com,1999
Richart Brewett,Brewett,rbrewettl1@privacy.gov.au,1998
Sheree Pelling,Pelling,spellingl2@independent.co.uk,2004
Salvador Coultar,Coultar,scoultarl3@drupal.org,1999
Morly Shemilt,Shemilt,mshemiltl4@so-net.ne.jp,2002
Arturo Abrahmovici,Abrahmovici,aabrahmovicil5@hhs.gov,1987
Isabel Cancutt,Cancutt,icancuttl6@sfgate.com,1998
Merwin Ridings,Ridings,mridingsl7@naver.com,1991
Averil Camolli,Camolli,acamollil8@youtu.be,1989
Neddy Hymers,Hymers,nhymersl9@hostgator.com,2011
Teddie Gosse,Gosse,tgossela@hubpages.com,1993
Raddie Stanes,Stanes,rstaneslb@hhs.gov,1996
Eduardo McIlharga,McIlharga,emcilhargalc@dion.ne.jp,1989
Martha Duffell,Duffell,mduffellld@netscape.com,1968
Sunny Gullick,Gullick,sgullickle@mysql.com,2010
Basilius Devoy,Devoy,bdevoylf@tripod.com,2008
Dannel Riccetti,Riccetti,driccettilg@sina.com.cn,2007
Papageno Teideman,Teideman,pteidemanlh@ucoz.com,2008
Chickie Brikner,Brikner,cbriknerli@phpbb.com,2001
Jeffrey Veal,Veal,jveallj@posterous.com,1985
Hurley Hetterich,Hetterich,hhetterichlk@geocities.com,2000
Melony Rosenauer,Rosenauer,mrosenauerll@clickbank.net,1997
Arley Drewes,Drewes,adreweslm@sourceforge.net,1993
Laurie Limpertz,Limpertz,llimpertzln@friendfeed.com,2012
Daisi Chetwind,Chetwind,dchetwindlo@upenn.edu,1985
Zak Davidovicz,Davidovicz,zdavidoviczlp@latimes.com,1997
Marian Severy,Severy,mseverylq@wordpress.com,1994
Evanne Tregaskis,Tregaskis,etregaskislr@engadget.com,2007
Emmy Tzarkov,Tzarkov,etzarkovls@cmu.edu,2010
Patrizius Shergold,Shergold,pshergoldlt@w3.org,2008
Babette Chaters,Chaters,bchaterslu@mlb.com,1998
Miguelita Dykes,Dykes,mdykeslv@icio.us,1980
Bertine Fermoy,Fermoy,bfermoylw@sciencedaily.com,2010
Normy Rowbrey,Rowbrey,nrowbreylx@ucla.edu,2011
Ingeberg Drain,Drain,idrainly@163.com,2000
Karalee Blacklidge,Blacklidge,kblacklidgelz@quantcast.com,1998
Jessalyn McCorry,McCorry,jmccorrym0@nytimes.com,1998
Kiele Douglas,Douglas,kdouglasm1@umich.edu,2004
Pippo Moth,Moth,pmothm2@cmu.edu,1998
Salvatore Meeron,Meeron,smeeronm3@cbc.ca,1994
Cullan Hegden,Hegden,chegdenm4@livejournal.com,2002
Broddie Mungane,Mungane,bmunganem5@theguardian.com,1988
Lani Ganforth,Ganforth,lganforthm6@bbb.org,2001
Delila McCaskill,McCaskill,dmccaskillm7@gnu.org,1992
Welsh Huntress,Huntress,whuntressm8@phpbb.com,1987
Engelbert Philipeaux,Philipeaux,ephilipeauxm9@google.es,1992
Rickey Tufts,Tufts,rtuftsma@tripod.com,1999
Graeme Davis,Davis,gdavismb@facebook.com,2010
Shandeigh Samsin,Samsin,ssamsinmc@hc360.com,1997
Seamus Coil,Coil,scoilmd@abc.net.au,1985
Rubin Sandys,Sandys,rsandysme@cdbaby.com,1975
Haydon Baldin,Baldin,hbaldinmf@topsy.com,1986
Sandye Calven,Calven,scalvenmg@hc360.com,2004
Norbie Poynton,Poynton,npoyntonmh@purevolume.com,1995
Itch McCard,McCard,imccardmi@goodreads.com,1985
Erena Joontjes,Joontjes,ejoontjesmj@redcross.org,2006
Abel Poole,Poole,apoolemk@nature.com,1968
Ailina Wickens,Wickens,awickensml@google.com,1989
Leona Lobb,Lobb,llobbmm@elegantthemes.com,2001
Ronnica Garlicke,Garlicke,rgarlickemn@dedecms.com,1994
Roderic Dory,Dory,rdorymo@comcast.net,1990
Tome Baddiley,Baddiley,tbaddileymp@upenn.edu,2007
Vasilis Snassell,Snassell,vsnassellmq@123-reg.co.uk,2009
Ofella Djuricic,Djuricic,odjuricicmr@privacy.gov.au,2007
Martguerita De Roberto,De Roberto,mdems@virginia.edu,1999
Dorolice Ravenshaw,Ravenshaw,dravenshawmt@baidu.com,1989
Germayne Stoak,Stoak,gstoakmu@wunderground.com,2000
Ibrahim Docherty,Docherty,idochertymv@wiley.com,2009
Jandy Stean,Stean,jsteanmw@prlog.org,1989
Laetitia Grime,Grime,lgrimemx@printfriendly.com,2011
Michell Kanzler,Kanzler,mkanzlermy@businesswire.com,1966
Brinn Korejs,Korejs,bkorejsmz@usda.gov,2008
Lisette Lockless,Lockless,llocklessn0@woothemes.com,2005
Morley Rigg,Rigg,mriggn1@vk.com,1995
Ted Borgnol,Borgnol,tborgnoln2@digg.com,2009
Beverlee Durrell,Durrell,bdurrelln3@marketwatch.com,2000
Ulrikaumeko Pountney,Pountney,upountneyn4@cargocollective.com,1995
Bradney Fingleton,Fingleton,bfingletonn5@wordpress.org,1996
Mina McCrudden,McCrudden,mmccruddenn6@google.nl,1992
Danila Mountfort,Mountfort,dmountfortn7@360.cn,2007
Gerianne Rivelin,Rivelin,grivelinn8@wp.com,2005
Hillery Styche,Styche,hstychen9@reuters.com,2005
Peg Boick,Boick,pboickna@hatena.ne.jp,1999
Jessy Runcie,Runcie,jruncienb@marriott.com,2003
Dal Wilsher,Wilsher,dwilshernc@skyrock.com,2000
Zolly Bryant,Bryant,zbryantnd@amazonaws.com,2010
Esdras Maund,Maund,emaundne@reuters.com,1995
Farly Stainer,Stainer,fstainernf@posterous.com,1987
Julee Wonter,Wonter,jwonterng@phpbb.com,2012
Sissie Muttitt,Muttitt,smuttittnh@creativecommons.org,2006
Andra Fudge,Fudge,afudgeni@yahoo.com,2003
Layne Risbie,Risbie,lrisbienj@nifty.com,1998
Ora Brabyn,Brabyn,obrabynnk@time.com,2004
Sula Korpal,Korpal,skorpalnl@narod.ru,2006
Alexi Cowdray,Cowdray,acowdraynm@loc.gov,2001
Gabriela Baythrop,Baythrop,gbaythropnn@imgur.com,1972
Luce Chewter,Chewter,lchewterno@unesco.org,2003
Cherish Turvey,Turvey,cturveynp@theglobeandmail.com,2007
Lavinie Clempton,Clempton,lclemptonnq@clickbank.net,2012
Shawn Critten,Critten,scrittennr@gov.uk,2011
Victoir Ort,Ort,vortns@cpanel.net,2012
Lauren Iohananof,Iohananof,liohananofnt@wix.com,1993
Clarissa Yurenin,Yurenin,cyureninnu@apple.com,2003
Jasen Kohneke,Kohneke,jkohnekenv@4shared.com,1995
Giffie Rodgerson,Rodgerson,grodgersonnw@google.co.uk,1996
Moreen Salt,Salt,msaltnx@arstechnica.com,2004
Sallee Inglis,Inglis,singlisny@google.com.au,1993
Audie Hayball,Hayball,ahayballnz@biblegateway.com,1994
Sile Cowton,Cowton,scowtono0@facebook.com,2012
Rozelle Guiett,Guiett,rguietto1@google.com,2003
Reggi Cardo,Cardo,rcardoo2@ibm.com,1996
Rebekah Knuckles,Knuckles,rknuckleso3@harvard.edu,2004
Renado Dransfield,Dransfield,rdransfieldo4@cnn.com,1992
Hilario Hastwall,Hastwall,hhastwallo5@indiegogo.com,1998
Domeniga Wilkison,Wilkison,dwilkisono6@pinterest.com,1998
Cosme Maffy,Maffy,cmaffyo7@harvard.edu,1999
Brig MacAscaidh,MacAscaidh,bmacascaidho8@shutterfly.com,2001
Bruce Delatour,Delatour,bdelatouro9@networksolutions.com,2006
Selia Bortoletti,Bortoletti,sbortolettioa@photobucket.com,2006
Heida Habbergham,Habbergham,hhabberghamob@topsy.com,2002
Myrvyn Lailey,Lailey,mlaileyoc@networksolutions.com,2008
Booth Tugwell,Tugwell,btugwellod@jalbum.net,1992
Harbert Hedgecock,Hedgecock,hhedgecockoe@quantcast.com,2006
Aaren Sapir,Sapir,asapirof@ed.gov,2003
Charlot Vondrach,Vondrach,cvondrachog@europa.eu,2010
Marna Barnewell,Barnewell,mbarnewelloh@google.fr,1999
Karrah Dorot,Dorot,kdorotoi@who.int,2005
Erich Edney,Edney,eedneyoj@digg.com,2010
Falito Lohmeyer,Lohmeyer,flohmeyerok@mac.com,2000
Vicki Dunsford,Dunsford,vdunsfordol@nih.gov,2001
Bathsheba Mein,Mein,bmeinom@ezinearticles.com,1987
Bordie Hutcheon,Hutcheon,bhutcheonon@unicef.org,2005
Carmelia Gilpillan,Gilpillan,cgilpillanoo@skype.com,1996
Shirleen Brixey,Brixey,sbrixeyop@webeden.co.uk,2000
Taddeusz Gittings,Gittings,tgittingsoq@vistaprint.com,1999
Georgie Schimoni,Schimoni,gschimonior@google.cn,1992
Cyndie Surphliss,Surphliss,csurphlissos@imdb.com,1990
Mort Tsar,Tsar,mtsarot@360.cn,1988
Carney Sergeant,Sergeant,csergeantou@pinterest.com,1987
Stanly Bruyett,Bruyett,sbruyettov@meetup.com,1992
Yulma Deppe,Deppe,ydeppeow@nhs.uk,1994
Nicolais Cabedo,Cabedo,ncabedoox@boston.com,1999
Patrizius Ferreiro,Ferreiro,pferreirooy@cocolog-nifty.com,2004
Lana Scroggie,Scroggie,lscroggieoz@nyu.edu,1995
Gabrielle Dexter,Dexter,gdexterp0@over-blog.com,1997
Legra Stratton,Stratton,lstrattonp1@github.com,2005
Clarie Dreini,Dreini,cdreinip2@businessinsider.com,1992
Gustie Bloxsum,Bloxsum,gbloxsump3@qq.com,2006
Franchot Severs,Severs,fseversp4@msu.edu,1985
Granthem Harflete,Harflete,gharfletep5@soundcloud.com,2008
Deloria Greydon,Greydon,dgreydonp6@wunderground.com,1998
Currey Skittle,Skittle,cskittlep7@cnet.com,1997
Tracy Frisch,Frisch,tfrischp8@w3.org,1996
Kerk Shout,Shout,kshoutp9@squidoo.com,2004
Aloin Blundin,Blundin,ablundinpa@archive.org,1996
Celestyna Clendennen,Clendennen,cclendennenpb@paypal.com,2005
Silvain Brent,Brent,sbrentpc@upenn.edu,1986
Dennie Odam,Odam,dodampd@bing.com,1992
Waldon D'Acth,D'Acth,wdacthpe@statcounter.com,2001
Tiebold Eacott,Eacott,teacottpf@ovh.net,1972
Sayre Bruhke,Bruhke,sbruhkepg@lulu.com,2011
Elfreda Antonijevic,Antonijevic,eantonijevicph@geocities.com,2007
Geri Tims,Tims,gtimspi@php.net,2006
Row Croley,Croley,rcroleypj@microsoft.com,2007
Maurise Hould,Hould,mhouldpk@wordpress.com,2004
Kalindi Brodhead,Brodhead,kbrodheadpl@ezinearticles.com,2008
Field Eisig,Eisig,feisigpm@dedecms.com,1998
Giffy Whines,Whines,gwhinespn@rakuten.co.jp,2009
Janelle Titterington,Titterington,jtitteringtonpo@rambler.ru,2007
Horten Penhallurick,Penhallurick,hpenhallurickpp@netscape.com,1992
Phyllis Martello,Martello,pmartellopq@xinhuanet.com,1993
Karita Attoc,Attoc,kattocpr@sitemeter.com,2010
Jacob Brignell,Brignell,jbrignellps@ycombinator.com,1996
Tess Cheasman,Cheasman,tcheasmanpt@histats.com,2009
Maurie Schwier,Schwier,mschwierpu@hugedomains.com,2001
Sande Donne,Donne,sdonnepv@photobucket.com,1997
Tamiko Potte,Potte,tpottepw@rakuten.co.jp,2006
Tammi Crocket,Crocket,tcrocketpx@marriott.com,2000
Herta Jennions,Jennions,hjennionspy@istockphoto.com,2005
Philippe Camelin,Camelin,pcamelinpz@aboutads.info,1987
Goraud Dulinty,Dulinty,gdulintyq0@jigsy.com,2012
Alisander Arden,Arden,aardenq1@pcworld.com,1997
Ferne Dunsford,Dunsford,fdunsfordq2@uiuc.edu,1995
Dorie Scone,Scone,dsconeq3@smugmug.com,2006
Talbert Trimming,Trimming,ttrimmingq4@cam.ac.uk,1994
Gwendolin Hazeldene,Hazeldene,ghazeldeneq5@soup.io,1996
Vergil Worley,Worley,vworleyq6@sbwire.com,2000
Pebrook Jacke,Jacke,pjackeq7@bandcamp.com,2008
Valle Wiltshire,Wiltshire,vwiltshireq8@stumbleupon.com,2012
Ariana Golley,Golley,agolleyq9@statcounter.com,1985
Sibeal Castellet,Castellet,scastelletqa@lycos.com,2008
Elwood Balmforth,Balmforth,ebalmforthqb@g.co,2007
Nobe Gwyer,Gwyer,ngwyerqc@apache.org,1991
Marrissa Gynne,Gynne,mgynneqd@addthis.com,1996
Leisha Minchinton,Minchinton,lminchintonqe@google.co.uk,1995
Robinetta Pessel,Pessel,rpesselqf@imageshack.us,2001
Darryl Bushnell,Bushnell,dbushnellqg@reuters.com,1996
Dallas Gogay,Gogay,dgogayqh@sbwire.com,2007
Solly Chadwen,Chadwen,schadwenqi@seattletimes.com,2000
Nanon Collison,Collison,ncollisonqj@google.it,2002
Karie Wroughton,Wroughton,kwroughtonqk@themeforest.net,1989
Harmonie Bourbon,Bourbon,hbourbonql@csmonitor.com,2006
Arte Bedenham,Bedenham,abedenhamqm@trellian.com,2002
Elsa Birtwistle,Birtwistle,ebirtwistleqn@gizmodo.com,2011
Gavra Crawshay,Crawshay,gcrawshayqo@gov.uk,1992
Ilsa Meneur,Meneur,imeneurqp@theglobeandmail.com,2001
Vitia Stoyell,Stoyell,vstoyellqq@bloomberg.com,1994
Dennison Yitzhakof,Yitzhakof,dyitzhakofqr@drupal.org,2010
Anna McGlue,McGlue,amcglueqs@reference.com,2000
Trisha Fransoni,Fransoni,tfransoniqt@storify.com,1998
Thomasine Lefley,Lefley,tlefleyqu@go.com,2001
Riley Arnaez,Arnaez,rarnaezqv@netvibes.com,1967
Lawry Simenel,Simenel,lsimenelqw@newsvine.com,1995
Elwood Grisewood,Grisewood,egrisewoodqx@sphinn.com,1998
Isabelita Matzen,Matzen,imatzenqy@blogspot.com,2003
Jackquelin Stonebanks,Stonebanks,jstonebanksqz@cnbc.com,2009
Corey Spenton,Spenton,cspentonr0@123-reg.co.uk,2008
Town Hedman,Hedman,thedmanr1@prweb.com,1989
Ulrica Sandcraft,Sandcraft,usandcraftr2@mozilla.org,2000
Jannel Wallbridge,Wallbridge,jwallbridger3@is.gd,1989
Rockey Vick,Vick,rvickr4@prnewswire.com,2011
Britni Bonnesen,Bonnesen,bbonnesenr5@usda.gov,1993
Burr Rosellini,Rosellini,brosellinir6@un.org,2008
Carolyne Yerby,Yerby,cyerbyr7@joomla.org,1995
Charles Philott,Philott,cphilottr8@cocolog-nifty.com,2008
Arney Ebbens,Ebbens,aebbensr9@gnu.org,1995
Eileen Vowells,Vowells,evowellsra@about.me,2012
Alysa MacCambridge,MacCambridge,amaccambridgerb@furl.net,1987
Ludovika Clurow,Clurow,lclurowrc@ucoz.ru,1985
Hinda Dyett,Dyett,hdyettrd@tmall.com,2003
Kaja Hollindale,Hollindale,khollindalere@cbc.ca,2001
Ryan Duerdin,Duerdin,rduerdinrf@archive.org,1995
Mitzi Antonik,Antonik,mantonikrg@forbes.com,2007
Babara McKeveney,McKeveney,bmckeveneyrh@aol.com,1989
Herby Lief,Lief,hliefri@icio.us,1997
Gasparo Claricoates,Claricoates,gclaricoatesrj@friendfeed.com,2010
Wait Danilchenko,Danilchenko,wdanilchenkork@gravatar.com,2006
Daniella Carayol,Carayol,dcarayolrl@huffingtonpost.com,2005
Cariotta Lindenberg,Lindenberg,clindenbergrm@seesaa.net,1996
Norrie Cahani,Cahani,ncahanirn@google.co.jp,1997
Audrey Hasley,Hasley,ahasleyro@360.cn,2013
Darci Sivorn,Sivorn,dsivornrp@amazon.com,2005
Emilee Elesander,Elesander,eelesanderrq@webmd.com,1987
Christyna Skeemor,Skeemor,cskeemorrr@jiathis.com,2002
